{
  "train": {
    "r2": 0.94098,
    "brier": 0.01462,
    "log_loss": 0.04607,
    "auc": 0.99903,
    "acc": 0.97528
  },
  "val": {
    "r2": 0.8768,
    "brier": 0.02887,
    "log_loss": 0.09446,
    "auc": 0.9946,
    "acc": 0.96231
  },
  "test": {
    "r2": 0.97334,
    "brier": 0.00666,
    "log_loss": 0.02087,
    "auc": 0.99981,
    "acc": 0.98993
  },
  "gaps_test_minus_train": {
    "r2": 0.03236,
    "brier": -0.00796,
    "log_loss": -0.02519,
    "auc": 0.00078,
    "acc": 0.01465
  },
  "overfit_signals": [],
  "verdict": "OK"
}