{
  "accuracy": [
    0.8817630410194397,
    0.9013059735298157,
    0.9002332091331482,
    0.9048041105270386,
    0.9087686538696289,
    0.9100746512413025,
    0.9097481369972229,
    0.9139459133148193,
    0.9103078246116638,
    0.9104477763175964,
    0.9160914421081543,
    0.9189832210540771,
    0.9175373315811157,
    0.9195429086685181,
    0.9186567068099976,
    0.9196361899375916,
    0.919729471206665,
    0.9174440503120422,
    0.9197761416435242,
    0.9194962978363037,
    0.9198694229125977,
    0.9201492667198181,
    0.9218283295631409,
    0.9210354685783386,
    0.9203358292579651,
    0.9211287498474121,
    0.920102596282959,
    0.9205223917961121,
    0.9216417670249939,
    0.9224346876144409,
    0.9200093150138855,
    0.9216417670249939,
    0.9221082329750061,
    0.9214552044868469,
    0.9204757213592529,
    0.9220149517059326
  ],
  "auc": [
    0.9571427702903748,
    0.9754012823104858,
    0.9775753617286682,
    0.9794292449951172,
    0.9796865582466125,
    0.9800140857696533,
    0.9799795150756836,
    0.9809015989303589,
    0.980459988117218,
    0.980631411075592,
    0.9809765815734863,
    0.9822143316268921,
    0.9817882776260376,
    0.9820377826690674,
    0.9822565913200378,
    0.9821149110794067,
    0.9822728633880615,
    0.9820855855941772,
    0.9821070432662964,
    0.9823540449142456,
    0.9828402400016785,
    0.9823458194732666,
    0.9830805659294128,
    0.9829359650611877,
    0.9827061891555786,
    0.9826644659042358,
    0.9829549789428711,
    0.9828009009361267,
    0.9833023548126221,
    0.9833431243896484,
    0.9834198355674744,
    0.9831826686859131,
    0.9832996129989624,
    0.983185887336731,
    0.9830743670463562,
    0.9833752512931824
  ],
  "auc_pr": [
    0.9257678389549255,
    0.9555269479751587,
    0.9606236219406128,
    0.9645097851753235,
    0.964643657207489,
    0.9656318426132202,
    0.9647995829582214,
    0.9666383266448975,
    0.9667022824287415,
    0.966223955154419,
    0.9666796922683716,
    0.9692381024360657,
    0.9690670371055603,
    0.9694682955741882,
    0.9696898460388184,
    0.9695627689361572,
    0.9697620272636414,
    0.969852864742279,
    0.9696729183197021,
    0.9701282382011414,
    0.9708813428878784,
    0.9698293209075928,
    0.9712040424346924,
    0.9709840416908264,
    0.9700779318809509,
    0.9706249833106995,
    0.9711785912513733,
    0.9707114100456238,
    0.9715254902839661,
    0.971350908279419,
    0.9720011353492737,
    0.9714072942733765,
    0.9715721607208252,
    0.9716635942459106,
    0.9710635542869568,
    0.971237063407898
  ],
  "loss": [
    0.11759994179010391,
    0.0780913382768631,
    0.05952544882893562,
    0.04870728403329849,
    0.04311392456293106,
    0.039241574704647064,
    0.03690507635474205,
    0.03425382822751999,
    0.033581510186195374,
    0.032525721937417984,
    0.03158615902066231,
    0.03010742925107479,
    0.03011799417436123,
    0.029681216925382614,
    0.029394984245300293,
    0.029270216822624207,
    0.028959132730960846,
    0.02900790609419346,
    0.0289771668612957,
    0.028728021308779716,
    0.0281301811337471,
    0.028505567461252213,
    0.027915559709072113,
    0.027814768254756927,
    0.027904285117983818,
    0.02786947228014469,
    0.027719000354409218,
    0.027798866853117943,
    0.02738121896982193,
    0.027208618819713593,
    0.027116024866700172,
    0.027323264628648758,
    0.027171747758984566,
    0.027400508522987366,
    0.027346312999725342,
    0.027210645377635956
  ],
  "precision": [
    0.6380192637443542,
    0.6732102632522583,
    0.6851750016212463,
    0.6870586276054382,
    0.6883678436279297,
    0.6912999153137207,
    0.6886662244796753,
    0.6895980834960938,
    0.689132034778595,
    0.6911520957946777,
    0.6926062703132629,
    0.6934232115745544,
    0.6882272362709045,
    0.6909776329994202,
    0.691676676273346,
    0.6904608607292175,
    0.6930894255638123,
    0.6877803206443787,
    0.6893863081932068,
    0.6881700754165649,
    0.6933370232582092,
    0.6917763948440552,
    0.6962049007415771,
    0.6946910619735718,
    0.6933087110519409,
    0.6897438168525696,
    0.6924638152122498,
    0.6930172443389893,
    0.6966354846954346,
    0.698911726474762,
    0.6978170275688171,
    0.6953703761100769,
    0.6924707293510437,
    0.6921305060386658,
    0.6947397589683533,
    0.6957206130027771
  ],
  "recall": [
    0.973663330078125,
    0.9894123673439026,
    0.9896770715713501,
    0.9913975596427917,
    0.9907358288764954,
    0.9916622638702393,
    0.9915298819541931,
    0.9923239946365356,
    0.9919269680976868,
    0.992456316947937,
    0.9917945861816406,
    0.9935150742530823,
    0.9941768050193787,
    0.9943091869354248,
    0.9931180477142334,
    0.9933827519416809,
    0.9928533434867859,
    0.9944415092468262,
    0.9945738315582275,
    0.9939121007919312,
    0.9943091869354248,
    0.9941768050193787,
    0.992985725402832,
    0.9940444827079773,
    0.9941768050193787,
    0.9941768050193787,
    0.9935150742530823,
    0.9943091869354248,
    0.9947062134742737,
    0.9944415092468262,
    0.9941768050193787,
    0.9939121007919312,
    0.9944415092468262,
    0.9940444827079773,
    0.9945738315582275,
    0.9940444827079773
  ],
  "val_accuracy": [
    0.9354477524757385,
    0.9235074520111084,
    0.9294776320457458,
    0.9253731369972229,
    0.9365671873092651,
    0.9324626922607422,
    0.9294776320457458,
    0.937313437461853,
    0.9369403123855591,
    0.9391791224479675,
    0.9283581972122192,
    0.9332089424133301,
    0.9358208775520325,
    0.9395522475242615,
    0.9391791224479675,
    0.9402984976768494,
    0.9402984976768494,
    0.9369403123855591,
    0.9369403123855591,
    0.941417932510376,
    0.9361940026283264,
    0.9384328126907349,
    0.9406716227531433,
    0.9380596876144409,
    0.9395522475242615,
    0.937313437461853,
    0.937313437461853,
    0.937686562538147,
    0.9391791224479675,
    0.9391791224479675,
    0.937313437461853,
    0.9399253726005554,
    0.9391791224479675,
    0.9365671873092651,
    0.9388059973716736,
    0.9380596876144409
  ],
  "val_auc": [
    0.9857643246650696,
    0.9853348135948181,
    0.9804578423500061,
    0.9868331551551819,
    0.9868499040603638,
    0.9869940280914307,
    0.9869157671928406,
    0.9873769879341125,
    0.9870433807373047,
    0.9873654842376709,
    0.9868964552879333,
    0.9873840808868408,
    0.98757004737854,
    0.9866313934326172,
    0.9879411458969116,
    0.9875389933586121,
    0.9874438047409058,
    0.987641453742981,
    0.9878656268119812,
    0.9878138899803162,
    0.9878824353218079,
    0.9876610636711121,
    0.9877935647964478,
    0.9878697991371155,
    0.9877925515174866,
    0.9879170656204224,
    0.9878754615783691,
    0.9878519773483276,
    0.9877547025680542,
    0.987777590751648,
    0.9876910448074341,
    0.987722635269165,
    0.987855076789856,
    0.987848162651062,
    0.9877778887748718,
    0.9878268241882324
  ],
  "val_auc_pr": [
    0.9687660336494446,
    0.9670775532722473,
    0.9616916179656982,
    0.9704967737197876,
    0.9704060554504395,
    0.9707809090614319,
    0.9706500172615051,
    0.971186637878418,
    0.9708840250968933,
    0.9710103273391724,
    0.9706311225891113,
    0.9716156125068665,
    0.9721311926841736,
    0.970553994178772,
    0.9727497696876526,
    0.9721863269805908,
    0.971921443939209,
    0.972140908241272,
    0.9722003936767578,
    0.972195029258728,
    0.972643256187439,
    0.972571849822998,
    0.9726492762565613,
    0.9725668430328369,
    0.9723840355873108,
    0.9727701544761658,
    0.9726406335830688,
    0.97266685962677,
    0.9725791215896606,
    0.9726657867431641,
    0.9726295471191406,
    0.9727362394332886,
    0.9728105068206787,
    0.9727461338043213,
    0.9725828170776367,
    0.9727292060852051
  ],