{
  "accuracy": [
    0.6651585698127747,
    0.7941697835922241,
    0.8515391945838928,
    0.8902984857559204,
    0.9113805890083313,
    0.9253731369972229,
    0.9361007213592529,
    0.9399720430374146,
    0.9430969953536987,
    0.9428171515464783,
    0.9467350840568542,
    0.9472014904022217,
    0.9513992667198181,
    0.9532182812690735,
    0.9638992547988892,
    0.9655317068099976,
    0.9652052521705627,
    0.9645522236824036,
    0.9652985334396362,
    0.9657182693481445,
    0.9668377041816711,
    0.9651585817337036,
    0.968376874923706,
    0.9686567187309265,
    0.9690298438072205,
    0.9684701561927795,
    0.9742537140846252,
    0.9754197597503662,
    0.9763526320457458,
    0.9752331972122192,
    0.9754197597503662,
    0.9765391945838928,
    0.9757462739944458,
    0.9765391945838928,
    0.9763526320457458,
    0.9766324758529663,
    0.9762593507766724,
    0.9769123196601868,
    0.9799440503120422,
    0.9809701442718506,
    0.9804104566574097,
    0.9795242547988892,
    0.9803171753883362
  ],
  "auc": [
    0.765943169593811,
    0.8893743753433228,
    0.9357603788375854,
    0.9620118737220764,
    0.974071204662323,
    0.9808521270751953,
    0.9856433868408203,
    0.9868444204330444,
    0.988010585308075,
    0.9887702465057373,
    0.9902885556221008,
    0.9905075430870056,
    0.9917449951171875,
    0.9921377301216125,
    0.9956988096237183,
    0.9958707094192505,
    0.9960495233535767,
    0.995661735534668,
    0.9959339499473572,
    0.9961010813713074,
    0.9963658452033997,
    0.9961926341056824,
    0.996319591999054,
    0.996680736541748,
    0.9966555833816528,
    0.9966931939125061,
    0.9978384375572205,
    0.9979746341705322,
    0.9981319308280945,
    0.9980674982070923,
    0.9980748295783997,
    0.9982666969299316,
    0.9980810284614563,
    0.9980758428573608,
    0.9982037544250488,
    0.9982328414916992,
    0.9982368350028992,
    0.9982789158821106,
    0.9987550973892212,
    0.9987889528274536,
    0.9988323450088501,
    0.9987651109695435,
    0.9987999200820923
  ],
  "loss": [
    0.5950047969818115,
    0.4479680359363556,
    0.3559221029281616,
    0.2787138521671295,
    0.2328372597694397,
    0.20093360543251038,
    0.17528241872787476,
    0.16723063588142395,
    0.1596807837486267,
    0.1545981615781784,
    0.14461621642112732,
    0.14233504235744476,
    0.1329449862241745,
    0.13014541566371918,
    0.09848608076572418,
    0.09634722769260406,
    0.09495626389980316,
    0.09768112748861313,
    0.09574267268180847,
    0.09277133643627167,
    0.09002527594566345,
    0.0927177295088768,
    0.09004012495279312,
    0.08673715591430664,
    0.08691821992397308,
    0.0865502804517746,
    0.07061736285686493,
    0.06815727800130844,
    0.06652279198169708,
    0.06728652119636536,
    0.06732303649187088,
    0.06460980325937271,
    0.06562173366546631,
    0.06569091230630875,
    0.06484933197498322,
    0.06492763757705688,
    0.06423981487751007,
    0.06318619847297668,
    0.05565417930483818,
    0.05481778457760811,
    0.05406476557254791,
    0.055323176085948944,
    0.05469989404082298
  ],
  "precision": [
    0.6051235198974609,
    0.7370350360870361,
    0.8230465054512024,
    0.8737943172454834,
    0.8980340361595154,
    0.9124733209609985,
    0.9235610365867615,
    0.9271234273910522,
    0.9311745166778564,
    0.9293879866600037,
    0.9344279170036316,
    0.9349346160888672,
    0.9410149455070496,
    0.9437652826309204,
    0.9545500874519348,
    0.9567474126815796,
    0.9555104374885559,
    0.9543378949165344,
    0.9550573229789734,
    0.9558375477790833,
    0.9574273228645325,
    0.9555984735488892,
    0.9614009857177734,
    0.9603909850120544,
    0.9595816135406494,
    0.9594388604164124,
    0.9672616124153137,
    0.9679160714149475,
    0.9689345955848694,
    0.9676170945167542,
    0.9682976603507996,
    0.9696166515350342,
    0.9683202505111694,
    0.9688518047332764,
    0.9694127440452576,
    0.9687626957893372,
    0.9691194295883179,
    0.9701203107833862,
    0.9727115631103516,
    0.9751863479614258,
    0.9745736718177795,
    0.9730722308158875,
    0.9743746519088745
  ],
  "recall": [
    0.7513123750686646,
    0.8484817147254944,
    0.856510579586029,
    0.8858466148376465,
    0.9074627161026001,
    0.9239320755004883,
    0.9364899396896362,
    0.9415336847305298,
    0.9442099928855896,
    0.9456510543823242,
    0.949047863483429,
    0.9495625495910645,
    0.9524446725845337,
    0.953576922416687,
    0.9663407206535339,
    0.9676788449287415,
    0.968296468257904,
    0.9680905938148499,
    0.969016969203949,
    0.9691199064254761,
    0.9699434041976929,
    0.9680905938148499,
    0.9691199064254761,
    0.970869779586792,
    0.9726196527481079,
    0.9714874029159546,
    0.9762223362922668,
    0.978178083896637,
    0.9792073965072632,
    0.9780751466751099,
    0.9777663350105286,
    0.9788985848426819,
    0.9784868955612183,
    0.9797220826148987,
    0.9786927700042725,
    0.98003089427948,
    0.9787956476211548,
    0.9792073965072632,
    0.9833247661590576,
    0.9830159544944763,
    0.9823983311653137,
    0.9819866418838501,
    0.9823983311653137
  ],
  "val_accuracy": [
    0.683582067489624,
    0.8634328246116638,
    0.8735074400901794,
    0.9115671515464783,
    0.879104495048523,
    0.879104495048523,
    0.920895516872406,
    0.9126865863800049,
    0.9350746273994446,
    0.9365671873092651,
    0.9350746273994446,
    0.9100746512413025,
    0.9317164421081543,
    0.9328358173370361,
    0.9481343030929565,
    0.9514925479888916,
    0.9526119232177734,
    0.9440298676490784,
    0.9395522475242615,
    0.9496268630027771,
    0.9559701681137085,
    0.9429104328155518,
    0.9436567425727844,
    0.9589552283287048,
    0.9526119232177734,
    0.9358208775520325,
    0.9544776082038879,
    0.9604477882385254,
    0.9552238583564758,
    0.9567164182662964,
    0.9626865386962891,
    0.9559701681137085,
    0.9626865386962891,
    0.9589552283287048,
    0.9604477882385254,
    0.966791033744812,
    0.9570895433425903,
    0.9634328484535217,
    0.9600746035575867,
    0.9604477882385254,
    0.9567164182662964,
    0.9634328484535217,
    0.9597014784812927
  ],
  "val_auc": [
    0.8870165944099426,
    0.953323245048523,
    0.9709673523902893,
    0.9748422503471375,
    0.9761481881141663,
    0.9717671871185303,
    0.9827180504798889,
    0.9842337965965271,
    0.9897907972335815,
    0.9895920753479004,
    0.9870045185089111,
    0.9839743971824646,
    0.9889712333679199,
    0.9883644580841064,
    0.9907852411270142,
    0.9907127618789673,
    0.9910238981246948,
    0.9890588521957397,
    0.9898183345794678,
    0.9906554222106934,
    0.9917513132095337,
    0.9903366565704346,
    0.990327775478363,
    0.9927752017974854,
    0.9910686612129211,
    0.9873034358024597,
    0.9928851127624512,
    0.9926854372024536,
    0.9932480454444885,
    0.9930059909820557,
    0.9932918548583984,
    0.992276668548584,
    0.9946054220199585,
    0.9937326312065125,
    0.9936743378639221,
    0.993866503238678,
    0.9931343197822571,
    0.9936861395835876,
    0.993030309677124,
    0.9928415417671204,
    0.9928091168403625,
    0.9941872954368591,
    0.9936150312423706
  ],